{
    "intrinsic": {
        "width": 640,
        "height": 480,
        "K": [
            611.74841309,
            0.0,
            323.45596313,
            0.0,
            611.87695312,
            232.22958374,
            0.0,
            0.0,
            1.0
        ]
    },
    "extrinsic": {
        "value": [
                [-9.99999683e-01, -7.96214299e-04,  2.64746084e-08, 9.60994529e-03],
                [-7.96214071e-04,  9.99999371e-01, -7.90310761e-04, 6.91105855e-01],
                [ 6.02782137e-07, -7.90310532e-04, -9.99999688e-01, 1.57190940e+00],
                [ 0.00000000e+00,  0.00000000e+00,  0.00000000e+00, 1.00000000e+00]
            ]
    }
}